timestamp,dt,CAN Time(ms),Left TPos,Right TPos,Left APos,Right APos,Right Target,Left Target,Left Actual,Right Actual,Left Setpoint,Right Setpoint,Heading Diff,Target Heading,Acutal Heading,T %,LX,LY,RX,RY
63.392587,0.049827999999997985,3.4999999999953957,0.0,0.0,0.0,0.0,-0.0,-0.0,0.0,0.0,0.0015203949573106001,-0.0015203949573106001,-1.5203949573106001E-4,179.99984796050427,,1.0,5.5,16.26397,5.5,18.44437
63.426562,0.21573000000000064,3.7319999999994025,-0.025,-0.025,0.0,0.0,-0.5,-0.5,0.0,0.0,-30.575045026638342,-30.578085816552964,-1.5203949573106001E-4,179.99984796050427,,-4.972666290388008E-5,5.525,16.26397,5.525,18.44437
63.452176,0.0287270000000035,3.163000000000693,-0.075,-0.075,0.0,0.0,-1.0,-1.0,0.0,0.0,-63.503653942202895,-63.506694732117516,-1.5203949573106001E-4,179.99984796050427,,-2.3941850002747397E-5,5.575,16.26397,5.575,18.44437
63.481616,0.02180800000000005,2.6909999999986667,-0.15,-0.15,-0.015829403413656577,-0.04100074982553671,-1.5,-1.5,-0.1582940341365658,-0.17645892329977825,-97.29504853923635,-97.12719089165097,-1.5203949573106001E-4,179.99984796050427,,-1.5626642672339773E-5,5.65,16.26397,5.65,18.44437
63.500636,0.03015699999999555,3.6580000000014934,-0.25,-0.25,-0.0679885851537381,-0.04100074982553671,-2.0,-2.0,-0.38146267242746185,-0.41000749825536714,-132.72813506997386,-132.66262116791813,-0.010152039272213642,179.99984796050427,,-7.64874701724809E-4,5.75,16.26397,5.75,18.44437
63.512265,0.017293000000002223,2.5639999999995666,-0.375,-0.375,-0.0679885851537381,-0.07759002656857897,-2.5,-2.5,-0.679885851537381,-0.7759002656857897,-169.6052572866506,-169.50497774618384,-0.04015203860166139,179.99984796050427,,-0.0023673817217705843,5.875,16.26397,5.875,18.44437
63.535726,0.012318000000000495,2.792999999996937,-0.525,-0.525,-0.1126223128119173,-0.13571767189085884,-3.0,-3.0,-1.1262231281191728,-1.3571767189085888,-211.8420401616995,-206.47301065401527,-0.05015204024078912,179.99984796050427,,-0.0023674262295863445,6.025,16.26397,6.025,18.44437
63.549813,0.024335999999998137,2.359999999995921,-0.675,-0.675,-0.17905390746595146,-0.20604174279415283,-3.0,-3.0,-1.7905390746595145,-2.0604174279415286,-215.8050823874338,-213.66906066840772,-0.020152039048696224,179.99984796050427,,-9.338074351982762E-4,6.175,16.26397,6.175,18.44437
63.597508,0.049663000000002455,3.1060000000024957,-0.825,-0.825,-0.313733585690341,-0.35499383393249506,-3.0,-3.0,-2.7454932478112557,-3.139930841069584,-217.6464449048065,-213.3676497661618,0.019847960057234104,179.99984796050427,,9.119358722314597E-4,6.325,16.26397,6.325,18.44437
63.645531,0.04998400000000203,1.449999999998397,-0.975,-0.975,-0.5285982746494827,-0.5407947002304968,-3.0,-3.0,-3.495443671835313,-3.4461389726780225,-210.1438621499123,-217.08791851118275,-0.12015203681352205,179.99984796050427,,-0.005717608669807736,6.475,16.26397,6.475,18.44437
63.693794,0.050156999999998675,1.046999999999798,-1.125,-1.125,-0.6606829687076992,-0.6905252866186911,-3.0,-3.0,-3.4694938301735814,-3.35531452686196,-212.42936528781462,-210.82478886340715,-0.06015203815462655,179.99984796050427,,-0.0028316253768930788,6.625,16.26397,6.625,18.44437
63.745228,0.04996699999999521,2.438999999995417,-1.275,-1.275,-0.9048709787445981,-0.9318588140727996,-3.0,-3.0,-3.723802278458556,-3.736777199289422,-206.76799333034955,-206.35619056099904,0.2598479509675258,179.99984796050427,,0.012567126409761655,6.775,16.26397,6.775,18.44437
63.795856,0.0498800000000017,0.9870000000020696,-1.425,-1.425,-1.0639435081310158,-1.0753614384621781,-3.0,-3.0,-4.032605394233168,-3.84836151843487,-204.51443405020828,-201.04325614376705,0.11984795782205993,179.99984796050427,,0.005860122214779093,6.925,16.26397,6.925,18.44437
63.851699,0.049970000000001846,1.9679999999979714,-1.575,-1.575,-1.2525988570118083,-1.2819221780895655,-3.0,-3.0,-3.477278782672101,-3.5343684343279116,-199.5776716055789,-197.02192332852317,-0.010152039272213642,179.99984796050427,,-5.08676105425105E-4,7.075,16.26397,7.075,18.44437
63.897505,0.050007999999998276,1.806999999999448,-1.725,-1.725,-1.4070004148991142,-1.4233488151460054,-3.0,-3.0,-3.4305690676809832,-3.479873766838274,-199.06356538412746,-197.92852022760138,-0.020152039048696224,179.99984796050427,,-0.001012341912484557,7.225,16.26397,7.225,18.44437
63.944758,0.050014000000004444,1.1810000000025411,-1.875,-1.875,-1.6306880500232448,-1.6343210278558873,-3.0,-3.0,-3.7808919301143664,-3.4175941468501168,-187.23090456383792,-204.26988266301768,-0.5101520299589879,179.99984796050427,,-0.02724721280108153,7.375,16.26397,7.375,18.44437
63.99791,0.05002199999999846,1.0200000000040177,-2.025,-2.025,-1.7355254103366424,-1.7931340588256879,-3.0,-3.0,-3.285249954375283,-3.666712626802745,-189.7798841107583,-197.96300316872404,-0.6801520466482884,179.99984796050427,,-0.035838995783733424,7.525,16.26397,7.525,18.44437
64.047279,0.0499719999999968,1.4050000000054297,-2.175,-2.175,-1.9657005058762063,-1.998397306369989,-3.0,-3.0,-3.3501245585296138,-3.6719025951350917,-181.83687142249494,-193.16374090961415,-0.7201520681059606,179.99984796050427,,-0.03960429270874878,7.675,16.26397,7.675,18.44437
64.095879,0.05015000000000214,2.4180000000058044,-2.325,-2.325,-2.13774795609349,-2.1486468895914177,-3.0,-3.0,-4.022225457568475,-3.5551283076572973,-171.86260933027808,-201.04025930445783,-1.510152029958988,179.99984796050427,,-0.08786972546523156,7.825,16.26397,7.825,18.44437
64.143819,0.049989999999993984,0.6380000000092423,-2.475,-2.475,-2.258933716653779,-2.3562456228852744,-3.0,-3.0,-2.932332107775727,-3.5395584026602576,-171.87350329732632,-198.32127007753633,-1.7801520108855016,179.99984796050427,,-0.1035733825594974,7.975,16.26397,7.975,18.44437
64.19819,0.049829000000002566,1.250000000013074,-2.625,-2.625,-2.5254385905197676,-2.5083116950230244,-3.0,-3.0,-3.0439164269211747,-3.627787864310147,-171.5156471690071,-195.72689032098228,-1.5401520013487584,179.99984796050427,,-0.08979658863608707,8.125,16.26397,8.125,18.44437
64.243044,0.05001200000000949,0.8360000000067203,-2.775,-2.775,-2.603288115504964,-2.710979958401152,-3.0,-3.0,-3.4435439885118493,-3.5473433551587776,-175.60056390598334,-185.27176894913285,-0.9901520490324742,179.99984796050427,,-0.056386609872312386,8.275,16.26397,8.275,18.44437
64.297981,0.04996399999998857,2.3039999999951988,-2.925,-2.925,-2.7203219013993754,-2.8547420812071476,-3.0,-3.0,-2.8207477886302788,-3.464303861841235,-183.20208256308743,-181.35863940715552,-0.5401520609534032,179.99984796050427,,-0.029483947638389782,8.425,16.26397,8.425,18.44437
64.343636,0.05006900000000769,1.448000000010552,-3.075,-3.075,-2.92428765686059,-2.9992826992629955,-3.0,-3.0,-3.2333502710518194,-3.3189847485355353,-184.1248906030665,-175.87226735730323,0.05984795916316443,179.99984796050427,,0.003250400256431582,8.575,16.26397,8.575,18.44437
64.400117,0.04999999999999716,1.808000000011134,-3.225,-3.225,-3.1077530374090356,-3.1765201178126254,-3.0,-3.0,-2.8648625194552233,-3.1840455718945284,-187.2766047231723,-172.2097236023242,0.16984796229240828,179.99984796050427,,0.009069363604891993,8.725,16.26397,8.725,18.44437
64.44647,0.049989999999993984,2.6160000000032824,-3.375,-3.375,-3.266566068378836,-3.365434965110036,-3.0,-3.0,-3.4227841151824636,-3.0880311577461197,-183.24726415428802,-166.54854703633515,0.3698479652726405,179.99984796050427,,0.020183000656492256,8.875,16.26397,8.875,18.44437
64.498069,0.04997300000000848,1.623000000009256,-3.525,-3.525,-3.392422800438237,-3.4988171512513384,-3.0,-3.0,-3.4227841151824636,-3.2229703343871265,-183.3187048175223,-170.31197986322766,0.14984796646473342,179.99984796050427,,0.00817417767673484,9.025,16.26397,9.025,18.44437
64.544487,0.05000099999999463,2.3400000000037835,-3.675,-3.675,-3.570957711070953,-3.6558136933048173,-3.0,-3.0,-3.0439164269211747,-2.9920167435977105,-180.93409079325667,-174.5539283151201,0.1798479676568263,179.99984796050427,,0.009939971338089547,9.175,16.26397,9.175,18.44437
64.593205,0.05014099999999644,1.2639999999919382,-3.825,-3.825,-3.705377890878726,-3.7863413968633304,-3.0,-3.0,-3.129550904404891,-2.898597313615475,-180.79986730607413,-172.7857206049294,0.019847960057234104,179.99984796050427,,0.0010977862070901693,9.325,16.26397,9.325,18.44437
64.644967,0.04988100000001339,1.99099999998964,-3.975,-3.975,-3.883653303094826,-3.9041536780075936,-3.0,-3.0,-3.090626141912293,-3.0101816327609234,-183.33048765382816,-176.2139971848021,-0.020152039048696224,179.99984796050427,,-0.0010992191918862998,9.475,16.26397,9.475,18.44437
64.696681,0.04998699999998735,1.8450000000029831,-4.125,-4.125,-4.012364517737017,-4.073346645642086,-3.0,-3.0,-3.0387264585888283,-2.8700524877875697,-177.74255331259212,-176.40828939116497,-0.22015203830363816,179.99984796050427,,-0.01238600628834567,9.625,16.26397,9.625,18.44437
64.744093,0.05011100000000113,2.3860000000013315,-4.275,-4.275,-4.219963251030873,-4.274717416937128,-3.0,-3.0,-3.36309947936048,-3.056891347752041,-169.42356435985207,-180.57875339653174,-0.5101520299589879,179.99984796050427,,-0.03011104340098971,9.775,16.26397,9.775,18.44437
64.794199,0.05008800000000235,1.5420000000005984,-4.425,-4.425,-4.3268765986772095,-4.408099603078432,-3.0,-3.0,-3.178855603562182,-3.3475295743634406,-171.47723169287468,-178.0386704911358,-0.7101520180380589,179.99984796050427,,-0.04141377902052798,9.925,16.26397,9.925,18.44437
64.843738,0.04998899999999651,1.6899999999964166,-4.425,-4.425,-4.506709001393014,-4.591045986793643,-0.0,-0.0,-2.8674575036213965,-3.1632856985651423,11.788845364199862,11.52037495831079,-0.4101520359194524,179.99984796050427,,0.34791535833101533,9.925,16.26397,9.925,18.44437
64.9008,0.05004600000000892,2.5200000000040745,-4.60017,-4.59983,-4.581444545378801,-4.693807359774101,-3.49668,-3.50332,-2.478209878695415,-2.8570775669567037,-198.7430172971447,-189.955225157684,-0.14125359953780503,-179.99125359357734,,-0.0071073490509915085,10.10017,16.26397,10.09983,18.44437
64.945494,0.049763999999996145,2.5760000000047967,-4.80147,-4.79853,-4.65618008936459,-4.763093437010926,-3.97391,-4.02609,-1.5206607213775007,-1.9488331087960804,-244.61307187210807,-227.49796502897638,0.3675013334936921,-179.92249865816163,,0.015023781463561118,10.30147,16.2641,10.29853,18.4445
64.995111,0.050218000000000984,1.6630000000077416,-5.02942,-5.02058,-4.748302027263739,-4.880386721321956,-4.44094,-4.55906,-1.7360444071698773,-1.8839585046417502,-290.6303747551931,-257.048715455085,0.6827728923979066,-179.7672270956812,,0.02349282634249869,10.52942,16.26469,10.52058,18.44508
65.04587,0.049920000000000186,2.0130000000051496,-5.28446,-5.26554,-4.9844455863855,-5.130543194941053,-4.89931,-5.10068,-3.28265497020911,-3.1451208094019303,-327.6234512374926,-286.1670585294785,1.146906424032295,-179.50309355212588,,0.035006847638660285,10.78445,16.26628,10.76554,18.4466
65.093458,0.05023199999999406,1.2699999999910005,-5.56702,-5.53298,-5.206576231009928,-5.306483121407596,-5.34879,-5.65119,-4.582742037461888,-4.299888763349008,-369.26084068847575,-306.8979099981261,1.634539167231651,-179.1054608423051,,0.044265164001254555,11.06699,16.26967,11.03296,18.4498
65.146963,0.04974800000000812,3.4320000000036543,-5.87755,-5.82244,-5.501106933870587,-5.587000909770921,-5.78925,-6.2107,-5.166613474850861,-4.525652385806078,-406.9846588928931,-337.05001396550244,2.098016363949455,-178.5519836122087,,0.05155025670148402,11.37746,16.27596,11.32236,18.45567
65.194426,0.049902000000003,1.2980000000055725,-6.21651,-6.13348,-5.687945793835058,-5.774099268152009,-6.22071,-6.7792,-4.746226039930801,-4.629451752453006,-459.12735152264423,-358.24454275994196,2.671975332890611,-177.81802467664613,,0.05819682325675665,11.71625,16.28664,11.63324,18.46546
65.249946,0.05009299999998973,2.3949999999928195,-6.58434,-6.46565,-6.035933170518885,-6.137137552999641,-6.64338,-7.35647,-5.298957667325694,-5.501366432287204,-503.0483794469513,-369.7318583293861,3.618761318392785,-176.88123868160724,,0.07193664598166943,12.08369,16.30357,11.96506,18.48074
65.296663,0.04990600000000711,2.2480000000086875,-6.98143,-6.81854,-6.309704000050158,-6.3992309537831344,-7.05781,-7.94193,-6.217582062151011,-6.251316856311262,-560.0187027794796,-389.3487535790591,4.850719719765493,-175.71928027308192,,0.08661710217338182,12.47996,16.32911,12.31722,18.50343
65.344092,0.05008800000000235,1.3129999999961228,-7.40816,-7.19179,-6.764604724380322,-6.789257073958969,-7.46508,-8.53452,-7.286715538614373,-6.456320605438946,-601.0684161067098,-413.6462695381523,5.8756122381946625,-174.31438775942112,,0.09775280285483415,12.90508,16.36608,12.68907,18.53575
65.39164,0.04990399999999795,1.6900000000106274,-7.86478,-7.58515,-7.050052982659376,-7.064325395573329,-7.86705,-9.13235,-7.4034898260921675,-6.650944417901936,-662.7467185753242,-422.5041776511674,7.058335770393171,-172.65166423795148,,0.10650125564659374,13.35876,16.4178,13.07989,18.5803
65.444627,0.0501339999999999,1.7300000000091131,-8.3514,-7.99848,-7.529087059734951,-7.3624890762666295,-8.26666,-9.73249,-7.6448233535462755,-7.05835693199113,-710.8948558488709,-442.33971648030285,8.414046897178082,-170.7259530885168,,0.1183585283808387,13.84029,16.48804,13.4889,18.63994
65.493224,0.049868000000003576,1.5380000000106975,-8.86793,-8.43189,-7.86721349658732,-7.817389800596794,-8.66823,-10.33062,-8.171605139279437,-7.530644050234654,-776.7901210168607,-447.63919332084237,9.948734993853776,-168.54126501568297,,0.12807494231299363,14.34841,16.5809,13.91525,18.71784
65.543079,0.050002999999989584,1.4829999999932397,-9.41398,-8.88577,-8.434736533729401,-8.144876802367854,-9.0776,-10.92091,-9.056494739944501,-7.823877261012227,-841.2859124323504,-467.1200868101684,11.500627469894113,-166.11937241566497,,0.13670296031278073,14.88117,16.70059,14.3581,18.81731
65.593888,0.05044399999999882,1.6019999999912216,-9.96141,-9.33826,-8.813863720407307,-8.629100847775774,-9.04984,-10.94858,-9.466502238199869,-8.117110471789799,-850.2528807770292,-453.3208840836178,12.425285776650924,-163.62471417566536,,0.14613635610732306,15.40964,16.84342,14.79492,18.93537
65.641687,0.04954000000000747,2.0299999999906504,-10.50913,-9.79046,-9.19221241183536,-8.945948414465523,-9.04388,-10.95452,-9.453527317369003,-8.0107161209767,-877.729945006786,-454.5116306550589,13.545986730010014,-161.1140131174021,,0.1543297777074848,15.93163,17.00933,15.22587,19.07234
65.694169,0.0501819999999924,1.7739999999974998,-11.05607,-10.24344,-9.808780649718114,-9.439514402871668,-9.05971,-10.93875,-9.949169293108087,-8.104135550958935,-878.1777509376434,-443.69806551140806,14.334862040890101,-158.64513797818339,,0.1632341746939564,16.44518,17.19752,15.65119,19.22822
65.745424,0.049927000000010935,2.557999999993399,-11.6012,-10.69824,-10.42820337018366,-9.916472492614304,-9.09593,-10.90264,-10.434431332182475,-8.114515487623626,-885.4732338654192,-461.4653913279291,14.009198857809935,-156.27080087516126,,0.15821143228299048,16.94863,17.40658,16.07121,19.40265
65.793134,0.049891999999999825,1.0809999999992215,-12.14364,-11.15574,-10.857413751268709,-10.225016109972298,-9.14999,-10.84874,-10.486331015505941,-7.855017071006305,-870.2201032772823,-467.2636095549531,13.680870003902129,-154.03913026312668,,0.15721160603368559,17.44081,17.6346,16.48631,19.59498
65.846265,0.050117999999997664,1.9599999999968531,-12.68266,-11.61666,-11.515501735810235,-10.756209368787953,-9.21854,-10.78039,-10.872983656265749,-8.171605139279437,-858.8884977182015,-498.07322477717565,11.99320410126822,-151.9867954409681,,0.1396363338562621,17.92107,17.87933,16.89699,19.80427
65.892233,0.05001099999999781,1.9850000000047885,-13.21772,-12.08156,-11.955351551976594,-11.080322891142988,-9.29792,-10.70122,-11.065012484562565,-8.5530678117069,-831.6092889065842,-510.2869909396676,10.87698320152657,-150.1430172562371,,0.1307943928311315,18.38926,18.13834,17.30377,20.02934
65.946173,0.04995999999999867,2.62299999999982,-13.74846,-12.55079,-12.626673955765604,-11.63798498845361,-9.38459,-10.61475,-11.057227532064047,-8.822946164988913,-831.8831934496526,-526.2224341369333,10.60329584459356,-148.52670331617304,,0.12746135428729868,18.84569,18.40918,17.7073,20.2688
65.992494,0.050032999999999106,1.3520000000113441,-14.27466,-13.02456,-13.07534671809695,-12.010365216299466,-9.47542,-10.5241,-11.075392421227258,-9.300423251564784,-790.3214620366434,-546.8830093094,8.341259952234765,-147.1487398188834,,0.10554262224816084,19.29105,18.68944,18.10827,20.52115
66.043389,0.049968000000006896,1.2799999999941747,-14.79625,-13.50295,-13.727985235889513,-12.4003913364753,-9.56783,-10.43184,-11.114317183719857,-9.391247697380845,-779.6316335050775,-574.7568664465045,6.9068626073598125,-146.01313746893413,,0.0885913591821288,19.72631,18.97686,18.50747,20.78477
66.094179,0.04991699999999355,1.605000000012069,-15.31325,-13.98594,-14.183145458636295,-12.99594020261205,-9.65981,-10.33998,-11.184381756206534,-9.855749863125851,-742.1052224170217,-586.3269050486815,5.210103657380898,-145.11989626632516,,0.07020707441475343,20.15262,19.26934,18.90573,21.05803
66.14468,0.05011299999999608,1.7899999999997362,-15.82575,-14.47343,-14.640381668716014,-13.38726381487097,-9.74983,-10.25006,-11.376410584503352,-9.868724783956715,-718.8004828785563,-623.8841040578908,2.867288155744575,-144.4627136753101,,0.039889903026526105,20.57127,19.56496,19.30394,21.33923
66.191956,0.04987400000000264,3.0349999999970123,-16.33392,-14.96527,-15.340508396749547,-14.029781894415457,-9.8367,-10.16325,-11.573629381132516,-10.338416918034067,-681.3319616540658,-629.1203334261658,1.4164324761823082,-144.03356828675714,,0.02078916821608725,20.98358,19.862,19.703,21.62673
66.243417,0.0501080000000087,1.2329999999991514,-16.83794,-15.46124,-16.044268102615717,-14.451985818251838,-9.91946,-10.08053,-11.60217420696042,-10.64722003380868,-660.6411781802038,-659.81214255314,-0.4915720715040379,-143.82157390255873,,-0.0074408330534,21.39088,20.1589,20.10379,21.91889
66.29308,0.05000199999999211,2.0910000000071705,-17.33808,-15.9611,-16.49371936019692,-15.111111796459832,-9.99719,-10.00281,-11.532109634473745,-10.813299020443765,-626.0467070453702,-662.3414569996687,-1.8041271296888226,-143.81412545122203,,-0.02881777205096098,21.79448,20.45428,20.50716,22.2141
66.345855,0.04999600000000726,3.090000000000259,-17.83464,-16.46455,-17.18813712306487,-15.557708571458242,-10.06895,-9.93105,-11.438690204491508,-11.057227532064047,-612.7004039743916,-683.8573547093005,-3.0157535300421614,-143.9957530722785,,-0.04922068780238976,22.19564,20.74691,20.91389,22.5108
66.392535,0.04988199999999665,2.7639999999991005,-18.32795,-16.97123,-17.616828507316683,-16.252904829576046,-10.13364,-9.86633,-11.106532231221337,-11.417930331162122,-583.1786678579251,-680.2853447333096,-4.066977421396814,-144.3469762006937,,-0.06973810335579039,22.59553,21.03578,21.32463,22.80748
66.445762,0.05002100000000098,2.181000000007316,-18.79399,-17.45519,-18.263498561527047,-16.708584049156062,-9.67927,-9.32068,-10.75361438462178,-11.620339096123633,-552.8719924306532,-660.707000095269,-4.407947660879131,-144.81794750829124,,-0.07972817797298748,22.97528,21.30593,21.71898,23.08803
66.492206,0.05009099999999478,2.615000000005807,-19.23353,-17.91565,-18.657676656368757,-17.426875666352807,-9.20907,-8.79086,-10.408481490520744,-11.713758526105869,-508.23880100069,-630.3653422844818,-4.217412507942782,-145.3674140338217,,-0.08298092352726641,23.33571,21.55751,22.09656,23.35157
66.543534,0.04999800000000221,2.2810000000106356,-19.64728,-18.35189,-19.198471356599256,-17.89059933684796,-8.72483,-8.2751,-9.632581224834954,-11.692998652776483,-500.60213349333367,-562.8886914141295,-2.6981351990683606,-145.95813352060156,,-0.05389779664421448,23.67734,21.79092,22.45676,23.59767
66.594409,0.05001099999999781,1.0750000000001592,-20.03586,-18.76331,-19.56436412402968,-18.49107867290044,-8.22847,-7.77146,-9.066874676609194,-10.642030065476332,-470.6647027089704,-502.4871967127439,-1.238593595074434,-146.55859328989865,,-0.0263158377491567,24.00044,22.00677,22.79887,23.82621
66.64438,0.04999100000000567,2.083999999996422,-20.39975,-19.14942,-20.061044093435232,-18.836990062251328,-7.72209,-7.27784,-9.098014486603272,-9.463907254033696,-451.7303176784966,-469.3229052070313,-0.40243560467018824,-147.14243728313699,,-0.008908757923053725,24.30511,22.20576,23.12213,24.03734
66.698672,0.04989899999999636,1.5099999999961256,-20.73936,-19.50981,-20.409809965368908,-19.33937899682246,-7.20784,-6.79211,-8.454458413392317,-8.483003239220222,-420.22809981402764,-417.09477759075344,0.5815343958670098,-147.68846606189666,,0.013838541404641157,24.59126,22.38865,23.4258,24.23143
66.742271,0.05010099999999795,1.784000000000674,-21.05496,-19.8442,-20.857444734033788,-19.69774631017098,-6.68786,-6.3121,-8.08337567762955,-8.607562479196536,-391.90951465984244,-386.22547184341715,0.5076448527582045,-148.1823556812994,,0.012953113761446042,24.85873,22.55618,23.70918,24.40894
66.793437,0.050015999999999394,2.132999999986396,-21.34675,-20.15241,-21.129658573065356,-20.13084916750529,-6.16421,-5.83576,-7.198486076964484,-7.91470170682829,-356.6094914464006,-343.2301611097975,0.6762080144944207,-148.61379290103292,,0.018962142924231633,25.10725,22.70907,23.9717,24.57043
66.847424,0.05002199999999846,3.0050000000017008,-21.61481,-20.43435,-21.5362925919047,-20.368030720293522,-5.63878,-5.36121,-6.72619895872096,-6.7028441012254,-314.9345557304098,-319.630849756227,0.49123229682322744,-148.97876701653126,,0.015597916706343652,25.33654,22.84794,24.21285,24.71649
66.897441,0.04995600000000877,1.5359999999873253,-21.85915,-20.69001,-21.751676277697076,-20.709011639728683,-5.1132,-4.88679,-6.292836602970033,-5.781624722233912,-287.9046098055259,-284.90887170523564,0.19386720115031153,-149.27613211220418,,0.006733730358859663,25.54627,22.97331,24.4323,24.84766
66.944166,0.05006000000000199,1.1630000000053542,-22.07971,-20.91945,-22.082017762050928,-20.943857706767357,-4.58884,-4.41115,-5.457251701462259,-5.820549484726509,-258.35947214855577,-255.93256871089238,0.0806742177654769,-149.5093259348224,,0.003122556997604079,25.7361,23.08559,24.62978,24.96447
66.99278,0.049843999999993116,2.110999999999308,-22.27637,-21.12279,-22.288319003261694,-21.226710980880235,-4.06676,-3.93323,-5.366427255646197,-5.176993411515554,-219.85064920534043,-220.83988745235686,-0.10522405422150882,-149.68522397792756,,-0.004786160723283996,25.90572,23.18511,24.80516,25.06737
67.043337,0.05012600000000589,1.3699999999943202,-22.44898,-21.30018,-22.519791590884346,-21.392530469098705,-3.54769,-3.45231,-4.549007243301636,-4.442612892488535,-189.26956109567948,-197.67649573776717,-0.6101280143266195,-149.81012877726607,,-0.0322359290524369,26.05484,23.27207,24.95839,25.15673
67.092887,0.04996099999999615,1.9329999999939673,-22.59738,-21.45178,-22.65602825960844,-21.600129202392562,-3.03204,-2.96796,-3.677092563467438,-3.7341822151232487,-153.47724732662311,-165.74233445419674,-0.8543526576229965,-149.89435357315034,,-0.055666404793200584,26.18316,23.34659,25.08949,25.23287
67.145265,0.05004699999999218,2.2659999999916636,-22.72138,-21.57778,-22.835082167074393,-21.735327877450185,-2.51994,-2.48006,-3.4461389726780225,-3.4617088776750617,-125.22359617263422,-135.89647825512134,-0.8470653088326401,-149.94706569030237,,-0.06764422478850306,26.29047,23.40874,25.19852,25.29601
67.192243,0.04986500000001115,1.6559999999969932,-22.82082,-21.67834,-22.929539590723095,-21.890507930587344,-2.01123,-1.98877,-2.698783532820138,-2.9037872819478214,-95.27276369898932,-100.33375545026377,-0.6762873007934616,-149.976286537854,,-0.07098432695100203,26.37655,23.45852,25.28558,25.34635
67.244975,0.05010999999998944,2.028999999993175,-22.89555,-21.75361,-23.03178196687032,-21.997161779817063,-1.50553,-1.49447,-1.9669979979592929,-2.2524462562383456,-70.23555205809303,-69.48437951221945,-0.4311839745850534,-149.99118344052744,,-0.06139112770529855,26.44125,23.4959,25.35076,25.38401
67.295049,0.04999300000000062,3.5009999999999764,-22.94543,-21.80373,-23.089650113775985,-22.053991933056256,-1.00226,-0.99774,-1.6192701196920827,-1.6348400246891222,-39.88385046382978,-35.90067997710533,-0.2869139340060656,-149.99691301847872,,-0.07193737080783226,26.48446,23.52084,25.39415,25.40907
67.345018,0.05009800000000553,2.637000000007106,-22.9704,-21.82876,-23.14648026701518,-22.10096114646399,-0.50069,-0.49931,-1.1469830014485587,-1.2845171622557388,-8.23194049385677,-7.921890892262493,-0.44863265480358905,-149.99863189186414,,-0.5449901577135902,26.50608,23.53333,25.41583,25.42159
67.393841,0.05005799999999283,1.733999999999014,-22.9704,-21.82876,-23.157898197346338,-22.105372619546486,0.0,0.0,-0.6824808357035541,-0.5241868015669884,23.02648468188866,20.63786841224555,-0.5386328073914797,-149.99863189186414,,0.2339188177582043,26.50608,23.53333,25.41583,25.42159
67.445047,0.049979000000007545,1.0869999999982838,-22.9704,-21.82876,-23.135321835100633,-22.097328168631346,0.0,0.0,0.11158431914544802,-0.051899683323464195,21.134871675296967,20.381043918837072,-0.4886316629823,-149.99863189186414,,0.23119689132223425,26.50608,23.53333,25.41583,25.42159
67.493779,0.049904999999995425,2.323000000004072,-22.9704,-21.82876,-23.121308920603298,-22.08175826363431,0.0,0.0,0.3658927674304226,0.21797866995854961,16.284083558841974,22.228902347792378,-0.20863097633679217,-149.99863189186414,,0.12811956876965863,26.50608,23.53333,25.41583,25.42159
67.543287,0.049968000000006896,2.30600000000436,-22.94542,-21.80374,-23.110669485521985,-22.068004847553592,0.50039,0.49961,0.28544825827905307,0.2932332107775727,48.36228379265419,48.91125483217142,-0.41977788374830993,-149.99977780745436,,0.08679860644051524,26.52771,23.54582,25.4375,25.4341
67.59179,0.04999699999999052,2.3389999999920974,-22.93547,-21.79403,-23.080567669194377,-22.037384034392748,0.19421,0.19891,0.40741251408919393,0.34253790993486366,30.440116268609813,29.762187687496912,-0.5560795802613825,-150.00608034320084,,0.18267984765709255,26.5191,23.54085,25.42909,25.42924
67.646144,0.05001000000000033,1.9330000000081782,-22.85922,-21.72028,-23.025554004871505,-21.988338833652076,1.47497,1.52503,0.7110256615314595,0.6513410257094756,106.38284479943233,106.90889262837099,-0.29139684520023934,-150.07139753184575,,0.027391337931376155,26.45304,23.50276,25.3652,25.3924
67.693589,0.05004600000000892,1.465999999993528,-22.75547,-21.62404,-23.012579084040638,-21.943445607577278,1.92493,2.07507,0.6850758198697273,0.9393842681547019,145.91567241927928,134.120008185631,-0.45906850522348464,-150.26906797116587,,0.03146121986844435,26.36304,23.45113,25.28172,25.34451
67.74377,0.050017999999994345,1.2889999999998736,-22.64942,-21.53008,-22.84961407840496,-21.849507180761805,1.87901,2.12099,1.7593992646654362,1.5388256105407132,155.16235401017087,124.54999036388804,-1.157059242287687,-150.58705954746347,,0.07457087446687242,26.27081,23.39878,25.20001,25.29813
67.79389,0.04992599999999925,2.369999999999095,-22.54114,-21.43836,-22.75230217217347,-21.71820098195344,1.83444,2.16555,2.602769118671729,2.2524462562383456,156.7290819303162,115.26095996755566,-1.4619350480253956,-151.02193451396778,,0.09327784161176872,26.1763,23.34595,25.11995,25.25338
67.847225,0.05006000000000199,2.1919999999937545,-22.43068,-21.34883,-22.60931854461732,-21.620110580472094,1.79075,2.20924,2.402955337876392,2.0811773012709143,159.56417023484468,114.29791942238072,-1.4019739209994384,-151.57197399729338,,0.08786270244353915,26.07942,23.29288,25.04142,25.21036
67.891609,0.04994899999999802,1.604000000000383,-22.31806,-21.26145,-22.51070914630274,-21.534735601404996,1.74755,2.25243,2.415930258707258,1.8346538054844592,158.72115446420275,110.90984365433519,-1.344886776611304,-152.23488616625974,,0.08473267354633711,25.98008,23.23983,24.96435,25.16919
67.945279,0.04997400000000596,1.5739999999908605,-22.20329,-21.17622,-22.348782134333533,-21.45610758116995,1.70453,2.29544,2.6053641028379024,1.8294638371521128,162.48086741965793,108.33896103519282,-1.421243826074118,-153.011243978662,,0.0874714573256991,25.87817,23.18704,24.88868,25.12999
67.996951,0.05001299999999276,2.200000000001978,-22.08636,-21.09315,-22.237197815188086,-21.330510347527166,1.66148,2.33848,2.735113311146563,2.065607396273875,160.20651849393974,102.10975748472364,-1.401047434500157,-153.90104743450016,,0.08745258605399102,25.77358,23.13477,24.81437,25.09285
68.046122,0.04999100000000567,2.138999999999669,-21.96728,-21.01224,-22.067745349136974,-21.253958314625056,1.61824,2.3817,2.810367851965586,2.0214926654489305,164.21774131241114,98.84640656972874,-1.5242973730076415,-154.90429653377424,,0.09282172320880894,25.66619,23.08331,24.7414,25.05788
68.092246,0.05007499999999254,2.696999999997729,-21.84602,-20.9335,-21.954604039491823,-21.16313386880899,1.57478,2.42516,2.825937756962625,1.6737647871817203,159.52937401776916,98.08354369112175,-1.241563547633831,-156.02156423427934,,0.0778266419760125,25.55589,23.03294,24.66978,25.02516
68.144733,0.04993400000000747,1.9049999999936063,-21.72258,-20.85694,-21.77165765577661,-21.08502484540718,1.53113,2.4688,2.960876933603632,1.6737647871817203,153.92114495700355,103.85521246319948,-0.4034231123409029,-157.25342349381063,,0.026209726574837746,25.44257,22.98397,24.59951,24.99479
68.191482,0.05000099999999463,1.4960000000030504,-21.59696,-20.78257,-21.652288384132643,-20.97266203101188,1.48744,2.51247,3.023156553591789,1.9047183779711359,152.1363910280013,96.74428360817859,-0.5104471175752678,-158.60044727016316,,0.03355194073726371,25.32616,22.93675,24.53059,24.96682
68.242212,0.050020000000003506,1.890000000003056,-21.46916,-20.71037,-21.50151980407798,-20.889622537694336,1.44398,2.55591,2.812962836131759,1.9540230771284268,164.70346164450268,85.56079133755125,-1.2814889611012745,-160.06148964774678,,0.07780583044861868,25.2066,22.89162,24.46305,24.94132
68.292273,0.049954999999997085,1.2529999999912889,-21.33922,-20.64031,-21.38215053243401,-20.805804549126943,1.40115,2.59872,2.6728336911584063,1.6478149455199882,165.48255748532497,79.915273842603,-1.4748319057639208,-161.63483175317603,,0.08912310325483755,25.08386,22.84898,24.39687,24.91833
68.347568,0.05001900000000603,4.307999999994649,-21.20721,-20.57234,-21.196609164552626,-20.756759348386268,1.35949,2.64037,3.0257515377579622,1.3442017980777226,166.63564257678988,81.3163249526556,-1.2776078819479153,-163.31760879747526,,0.07667074475733254,24.95797,22.80921,24.33206,24.89784
68.394877,0.050066000000001054,2.3220000000065966,-21.0732,-20.50636,-21.08710083274012,-20.673979353485343,1.31964,2.6802,2.9894217594315373,1.3182519564159907,155.2549115260917,87.60996696933043,-0.2652369656955216,-165.1052371182834,,0.017083966174619,24.82902,22.77274,24.26857,24.87988
68.442973,0.0499369999999999,1.9479999999987285,-20.93732,-20.44224,-20.917129369855775,-20.6163707049963,1.28239,2.71743,2.875242456119916,1.4038864338997066,163.1588795538165,82.16379603747971,-0.6608412983529206,-166.99084122205898,,0.04050293187597847,24.69716,22.73996,24.20635,24.8644
68.494505,0.049981000000002496,3.348000000002571,-20.79976,-20.37981,-20.803728561794003,-20.52009679243127,1.24859,2.75121,2.833722709461145,1.5284456738760206,167.5290836540176,74.830526340755,-1.1852540511085579,-168.96525378407975,,0.07074915144622614,24.56262,22.7113,24.14529,24.85139
68.542689,0.050004999999998745,1.5250000000008868,-20.66073,-20.31885,-20.689549258482383,-20.460412156609287,1.21915,2.78064,2.812962836131759,1.5595854838700989,173.94599024080554,67.86811083538183,-1.4270154958553576,-171.01701564844325,,0.08203784944279777,24.42571,22.68713,24.08526,24.84078
68.592982,0.04999300000000062,1.7140000000068767,-20.52049,-20.2591,-20.518280303514953,-20.39138557778908,1.19495,2.80483,2.8544825827905305,1.287112146421912,176.44583596019257,61.575685884910285,-1.8323756373313813,-173.13237582806624,,0.10384918563591256,24.28681,22.66778,24.02608,24.83254
68.646313,0.05003800000000069,2.351000000004433,-20.37934,-20.20026,-20.34000489129885,-20.322618497385488,1.17678,2.82298,2.9401170602742464,1.1366030647838659,181.89285422165094,59.75739890192813,-2.0452915046851103,-175.2952915046851,,0.11244485185727855,24.14638,22.65355,23.96755,24.8266
68.691097,0.049978999999993334,1.7560000000003129,-20.23762,-20.142,-20.212072171906513,-20.297966147806843,1.16528,2.83447,3.0620813160843876,1.162552906445598,172.2852768575015,65.76676871759503,-1.4685739635193897,-177.4885739444459,,0.08524082790510641,24.00493,22.64463,23.9094,24.82293
68.745571,0.05000400000000127,2.7630000000016253,-20.09567,-20.08395,-20.03016378185777,-20.2328320452359,1.16087,2.83888,3.1555007460666227,1.139198048950039,172.5783324067716,66.0039283075762,-1.353315506730695,-179.6933155401093,,0.07841746341255026,23.86303,22.64113,23.85137,24.8215
68.79498,0.04999999999999716,1.0889999999932343,-19.95387,-20.02577,-19.916762973796,-20.167438444248333,1.16368,2.83607,2.9530919811051124,1.0691334764633624,163.71147438281807,71.90790889848566,-0.7109128158795102,178.10908723657258,,0.04342473968667173,23.72124,22.6431,23.79319,24.82231
68.846646,0.049979000000007545,3.089000000002784,-19.81256,-19.96709,-19.740823047329457,-20.125399700756326,1.17358,2.82618,2.893407345283129,1.0743234447957088,165.00810222724587,74.21729174135004,-0.6924229214141633,175.93757719302675,,0.041962964973718216,23.58013,22.65044,23.73459,24.82536
68.894058,0.05001299999999276,1.6480000000029804,-19.67208,-19.90758,-19.615744810519907,-20.04651218210466,1.19015,2.80962,3.0101816327609234,1.1988826847720229,158.40413225817593,75.1499286477117,-0.5103882297505038,173.80961194191087,,0.03222063859537733,23.44021,22.663,23.67532,24.83069
68.945635,0.05017399999999839,1.6620000000102664,-19.53273,-19.84695,-19.437728896720426,-19.99331500669811,1.21273,2.78705,3.0309415060903087,1.3208469405821637,151.9960216575213,84.04006224326109,0.18123388187191836,171.74123430148862,,-0.011923593781965953,23.30196,22.68054,23.61517,24.83832
68.993105,0.04983000000000004,1.2239999999934525,-19.39476,-19.78492,-19.33003705382424,-19.908459024464246,1.24051,2.75929,2.8570775669567037,1.3935064972350135,149.61380954153685,81.7045950418739,0.005622529929752318,169.74562230104792,,-3.758028718726897E-4,23.1658,22.70274,23.55395,24.84831
69.047625,0.04998600000000408,2.3809999999997444,-19.2584,-19.72129,-19.171483521271053,-19.81426109923216,1.27255,2.72726,2.662453754493713,1.5128757688789811,145.73161408429976,83.38225431140293,0.004235172785456598,167.8342350964915,,-2.906145527906336E-4,23.03204,22.72926,23.49154,24.86069
69.092173,0.05002399999999341,1.4819999999957645,-19.1238,-19.6559,-19.066646160957657,-19.75431696499356,1.3079,2.69193,2.633908928665808,1.5414205947068864,151.92307337416298,77.74561238677096,-0.5343331359885894,166.01566705474627,,0.03517129584869638,22.90093,22.75973,23.42785,24.8755
69.143677,0.05007400000000928,2.181000000007316,-18.99109,-19.58862,-18.9054976442383,-19.6980058085876,1.34562,2.65423,2.597579150339383,1.4687610380540366,156.7802647774135,76.81237897375101,-0.943779059559489,164.29622071155868,,0.06019756765300822,22.77266,22.79374,23.36281,24.89275
69.193229,0.04989999999999384,1.345999999998071,-18.86034,-19.51938,-18.796508309259025,-19.620934778852252,1.38486,2.61501,2.6754286753245795,1.3338218614130297,151.3103461256289,78.02754467826551,-0.9700928470356303,162.67990677149464,,0.06411279016110295,22.6473,22.83092,23.29643,24.91245
69.244385,0.05005800000000704,1.4469999999988659,-18.73159,-19.44813,-18.638214275122458,-19.57188957811158,1.42484,2.57504,2.6728336911584063,1.2611623047601799,143.74285670708875,89.95882153899599,-0.211555052827066,161.16844410793954,,0.014717604594304202,22.52491,22.87088,23.22871,24.93457
69.291654,0.0499279999999942,1.5609999999952606,-18.60484,-19.37489,-18.537269391058324,-19.47587516396317,1.46495,2.53495,2.6183390236687685,1.437621228059958,140.3142948805324,88.61993510578297,-0.35759516054488927,159.7624056786885,,0.025485297905630783,22.40546,22.91327,23.15968,24.95907
69.344736,0.05004300000000228,1.9879999999972142,-18.48008,-19.29965,-18.399735230251142,-19.405810591476495,1.50467,2.49525,2.4704249261968956,1.6607898663508542,145.93135494747395,86.53714884646985,-0.8387807111141683,158.46121852594638,,0.05747775804699931,22.2889,22.95777,23.0894,24.98591
69.392344,0.04996199999999362,2.4190000000032796,-18.35726,-19.22247,-18.29956884143686,-19.310055675744703,1.54359,2.45634,2.351055654552928,1.6763597713478935,147.91017663208225,80.69457554155116,-1.4679816814987419,157.2620178607376,,0.09924818663088063,22.17515,23.00407,23.01792,25.01501
69.443297,0.05002100000000098,2.7630000000016253,-18.23634,-19.1434,-18.1983644589561,-19.259712982920945,1.58142,2.41852,2.4652349578645496,1.4609760855555172,149.43094229367748,83.73196900474822,-1.6480605718559787,156.1619388940864,,0.11028911057905504,22.06408,23.05189,22.94529,25.04628
69.492732,0.04996900000000437,1.4829999999932397,-18.11724,-19.0625,-18.03591845015366,-19.170705026021203,1.61795,2.382,2.6365039128319814,1.3805315764041477,130.02957662598322,98.29302055213225,-0.32188270521913864,155.1581168370172,,0.0247545761180936,21.95557,23.10099,22.87159,25.07964
69.546688,0.05002400000000762,2.194000000002916,-17.99989,-18.97985,-17.8867068605987,-19.10401393295055,1.65305,2.34691,2.600174134505556,1.5569904997039257,125.30795851994479,106.06006672536029,0.10654159531560481,154.24654098496404,,-0.008502380580930698,21.84948,23.15115,22.79687,25.11497
69.591762,0.05015299999999456,1.3180000000119207,-17.88423,-18.89552,-17.811452319779676,-18.999955067887008,1.68665,2.31332,2.265421177069212,1.7905390746595145,122.80564426395061,109.11663385614686,0.09320070965500804,153.42320063336106,,-0.0075892855099305035,21.74568,23.20216,22.72119,25.15217
69.644568,0.04985200000000134,2.0170000000092614,-17.77016,-18.80958,-17.68481709247042,-18.92002955556887,1.7187,2.28127,2.0682023804400482,1.8398437738168056,126.8825926167823,105.35111489746345,-0.20591431200614352,152.6840850776423,,0.01622872828805265,21.644,23.25386,22.64459,25.19112
69.698206,0.05001699999999687,4.874000000000933,-17.65762,-18.72212,-17.582834214739815,-18.799622290258434,1.74922,2.25076,2.2861810503985978,2.003327776285718,126.26543321403148,99.78518674240395,-0.6248160052884089,152.02518361324186,,0.04948432753002863,21.54432,23.30609,22.56712,25.23171
69.744297,0.04997600000000091,1.443000000008965,-17.54654,-18.63321,-17.4447810570994,-18.69374693627857,1.77822,2.22177,2.400360353710219,1.9669979979592929,126.12556516362342,102.67657329260429,-0.618086888143722,151.44191257779866,,0.04900567837629702,21.44648,23.35871,22.48881,25.27383
69.79203,0.049995999999993046,1.9630000000034897,-17.43682,-18.54293,-17.365893538447736,-18.63328380520673,1.80573,2.19425,2.169406762920803,1.6633848505170272,119.57635852118864,108.04644620885179,-0.23859289395682026,150.93140718233713,,0.019953182795288266,21.35036,23.41159,22.40971,25.31735
69.845856,0.05009300000000394,3.8980000000066184,-17.32841,-18.45134,-17.2859680261296,-18.56166224222035,1.83181,2.16818,2.000732792119545,1.6037002146950434,122.10211204616358,110.07979262606636,-0.3703438880603187,150.48965672229124,,0.030330670113249268,21.25581,23.46464,22.32983,25.36217
69.892307,0.04990000000000805,1.1810000000025411,-17.22124,-18.35851,-17.165820259235783,-18.458381872406655,1.8565,2.1435,2.000732792119545,1.7490193280007431,121.0580288411919,108.92028046072788,-0.527348896553292,150.11265049309515,,0.043561662254148086,21.16272,23.51774,22.24921,25.40816
69.945184,0.05008899999999983,1.9820000000123628,-17.11523,-18.26452,-17.049045971757987,-18.349911534260617,1.87983,2.12016,1.9955428237871982,1.795729042991861,122.64455597000106,111.91613835573118,-0.5430494046098033,149.7969507479781,,0.04427831307429851,21.07096,23.57083,22.16785,25.45523
69.992161,0.04991199999999196,1.5070000000036998,-17.01032,-18.16943,-16.97145594518941,-18.28088495544041,1.90185,2.09815,1.920288282968175,1.7542092963330898,121.89096607254791,110.73468757037455,-0.7108802598307875,149.5391197401692,,0.0583209964393654,20.98042,23.62381,22.08578,25.50326
70.043447,0.05000400000000127,1.5300000000024738,-16.90645,-18.0733,-16.876998521540703,-18.228206776867093,1.92258,2.07741,1.8294638371521128,1.5388256105407132,121.77414878971997,118.55888987701495,-0.454281192629594,149.33571972289775,,0.03730522423228335,20.89098,23.67664,22.00301,25.55215
70.093177,0.04999999999999716,2.5700000000057344,-16.80356,-17.97619,-16.840928241630895,-18.1983644589561,1.94205,2.05795,1.3182519564159907,0.8381798856739467,119.85185712174373,130.36254711218064,-0.016687813546468533,149.18331294939298,,0.0013923700430872172,20.80254,23.72924,21.91955,25.60179
70.145348,0.05006300000000863,2.465999999998303,-16.70157,-17.87818,-16.848713194129417,-18.224833297451067,1.96025,2.03975,0.2698783532820138,0.04411473082494456,123.69409821712011,147.5583336560554,0.42903501214888706,149.07903463067916,,-0.03468516431526122,20.71501,23.78157,21.83543,25.65208
70.191706,0.049917999999991025,1.3149999999910733,-16.60043,-17.77932,-16.84819419729618,-18.245593170780456,1.97719,2.02281,-0.07265955665284987,-0.47228711824352415,125.40705024340758,167.5670030190198,1.2088726888994188,149.01887406219043,,-0.09639591127875739,20.62827,23.8336,21.75065,25.70293
70.246874,0.050092000000006465,3.1990000000092778,-16.52509,-17.70466,-16.8484536957128,-18.26168207261073,1.49323,1.50677,-0.0025949841661732096,-0.36848775159659575,99.64515391110507,152.40813208488163,1.571112065365611,149.0011123705414,,-0.15767069483050059,20.56369,23.87239,21.68664,25.74138
70.29482,0.04997999999999081,3.6680000000046675,-16.52226,-17.7016,-16.79395902822316,-18.209263392454027,0.06121,0.05662,0.5423516907302007,0.24911847995262812,9.209972936406942,71.83940909096322,1.9548089192675775,148.99480983479492,,-2.122491491305295,20.56612,23.87093,21.68927,25.7398
70.345496,0.049938000000011584,1.6210000000000946,-16.49751,-17.67635,-16.81523789838578,-18.157363709130564,0.5051,0.4949,0.3321579732701708,1.0431836348016303,31.33126493818112,94.2833336574158,2.0516315003311547,148.98163180550694,,-0.6548192370717154,20.58732,23.85818,21.71091,25.72679
70.393934,0.049991999999988934,1.43299999999158,-16.49751,-17.67635,-16.793440031389924,-18.143869791466464,0.0,0.0,0.005189968332346419,0.6539360098756488,4.925280412047918,66.90140714079529,2.2916331787979516,148.98163180550694,,-4.652797378180336,20.58732,23.85818,21.71091,25.72679
70.444184,0.05015800000001036,1.105999999992946,-16.49751,-17.67635,-16.764116710312166,-18.14023681363382,0.0,0.0,-0.12196425581014085,0.17126895496743183,3.242083390563753,65.45960416227945,2.181632568446389,148.98163180550694,,-6.729106890945928,20.58732,23.85818,21.71091,25.72679
70.497553,0.04985999999999535,1.2880000000023983,-16.49751,-17.67635,-16.772939656477156,-18.112989479889002,-0.0,-0.0,0.20500374912768357,0.31139809994078516,4.39660151800501,62.596101659838155,2.1516299744522485,148.98163180550694,,-4.8938480452250905,20.58732,23.85818,21.71091,25.72679
70.546442,0.05015299999999456,1.844000000005508,-16.52211,-17.70175,-16.773458653310392,-18.100274057474753,-0.5081,-0.4919,-0.09341942998223554,0.3658927674304226,-23.167458393944987,28.88496041609646,1.9804328248507659,148.9604323670871,,0.8548338756781231,20.6084,23.8455,21.73268,25.71369
70.591631,0.04983100000001173,1.7300000000091131,-16.57089,-17.75297,-16.77579413905995,-18.098198070141816,-1.02433,-0.97567,-0.025949841661732097,0.14791409747187295,-55.460508620291456,-5.680183751185531,1.9662607888566583,148.89626109403244,,0.3545334937907977,20.65018,23.82033,21.77655,25.68726
70.645467,0.05026499999999601,1.3780000000025439,-16.64321,-17.83065,-16.840409244797662,-18.120255435554288,-1.55363,-1.44637,-0.6695059148726882,-0.17126895496743183,-81.92872448744336,-43.401202390600744,1.7053142393696987,148.75531347643025,,0.20814607453470854,20.71206,23.7829,21.84302,25.64705
70.691973,0.049813999999997804,2.0760000000024093,-16.73847,-17.93539,-16.894125417037447,-18.155287721797627,-2.09486,-1.90514,-1.1833127797749836,-0.41000749825536714,-102.55975817284978,-89.71036519969932,0.9660759200209839,148.50607683554833,,0.09419639215537162,20.7934,23.73332,21.93246,25.59254
70.7426,0.049929000000005885,1.7629999999968504,-16.85652,-18.06733,-16.965227983190594,-18.21367486553652,-2.63884,-2.36115,-1.445406180558478,-0.9264093473238358,-117.26825778155032,-140.98058126560466,-0.5788965933044778,148.14110272005001,,-0.04936515679996356,20.89387,23.67133,22.04475,25.52326
70.792355,0.050094000000001415,1.460999999991941,-16.99813,-18.22572,-17.085116251667795,-18.353025515260025,-3.16781,-2.83218,-1.9099083463034823,-1.9773779346239857,-140.5950222304928,-177.9377341620424,-1.1095012903479926,147.7004981755944,,-0.07891469219508113,21.01386,23.59612,22.17895,25.43913
70.844508,0.04990199999998879,2.185999999994692,-17.16531,-18.40855,-17.223428907724827,-18.47083779640429,-3.65653,-3.34345,-2.065607396273875,-2.5716293086776507,-179.91616484710633,-208.75633939320653,-0.8208861316610978,147.28911447869046,,-0.04562603545705251,21.15482,23.50624,22.33311,25.34085
70.891264,0.049993999999998096,2.4099999999975807,-17.36158,-18.61228,-17.351621125533782,-18.69348743786195,-4.07448,-3.92551,-2.6442888653305006,-3.404619226019251,-223.75985130058308,-221.1287462514238,0.12316169205260508,147.09316291275573,,0.0055041908249732615,21.31973,23.39981,22.50428,25.23037
70.945779,0.050192000000009784,2.3259999999964975,-17.59225,-18.83161,-17.58153672265673,-18.838028055917796,-4.38667,-4.61332,-3.581078149319029,-3.70304240512917,-276.4733688045755,-239.8084773691255,0.7211027972784336,147.39110096622375,,0.02608217928534532,21.5136,23.27482,22.68862,25.11152
70.99387,0.049812000000002854,2.405999999993469,-17.8647,-19.05914,-17.755141163373718,-19.082735062787933,-4.5507,-5.44912,-4.035200378399341,-3.8924762492598144,-335.31902173967035,-237.2488773839108,1.7413921931385516,148.57139402419324,,0.05193240109386058,21.74441,23.13006,22.88135,24.99057
71.043467,0.05003199999998742,1.6219999999975698,-18.18919,-19.28461,-18.071988730063467,-19.25244702725566,-4.50935,-6.4897,-4.554197211633983,-4.144189713378616,-426.9705001013091,-218.63674883648287,3.8937695503805685,151.17376832967744,,0.09119528279955354,22.02476,22.96667,23.07605,24.87688
71.094172,0.050099000000003,2.563000000009197,-18.57958,-19.49405,-18.302423324019646,-19.475615665546552,-4.1887,-7.80786,-5.519531321450417,-3.972920758411184,-546.5262624214739,-158.47779564936695,7.970464860380872,155.93046394485353,,0.1458386432349367,22.37387,22.79194,23.26314,24.78275
71.144206,0.04993799999999737,0.9269999999901302,-19.01348,-19.65977,-18.700234396694,-19.608478854854624,-3.31454,-8.67789,-6.2824566663053405,-3.5187985293308723,-656.2430928952257,-68.51534216863777,12.341283182085022,162.98128257173346,,0.18805962783756724,22.77981,22.63872,23.41797,24.72364
71.194187,0.05001200000000949,1.8799999999998818,-19.48727,-19.78533,-18.985942153389672,-19.73952555524637,-2.51121,-9.47597,-6.8351882937002335,-2.6053641028379024,-763.9982820510841,35.85827468055086,18.19230399514072,172.14230475808017,,0.23811969768178493,23.24232,22.53593,23.54041,24.69585
71.240808,0.05001299999999276,1.8379999999922347,-19.97978,-19.89204,-19.284105834082972,-19.775855333572796,-2.13403,-9.85018,-7.198486076964484,-1.7023096130096256,-855.4205033855776,102.54221613955204,23.39370247487409,-177.7062979065956,,0.2734760551364697,23.73425,22.51196,23.64699,24.69061
71.295702,0.04993000000000336,2.5879999999887104,-20.42019,-20.0011,-19.69618931967128,-19.7714438604903,-2.18132,-8.80804,-7.1024716628160744,-0.679885851537381,-801.61030983766,92.03803376328995,23.628963000698377,-168.99103688486068,,0.2947687013342387,24.17163,22.56345,23.75526,24.70372
71.344071,0.05001900000000603,1.1329999999958318,-20.79513,-20.12589,-20.133963148504698,-19.71435420883449,-2.49568,-7.49882,-7.089496741985209,0.6150112473830507,-723.80014458117,44.562702716994636,22.415945569152086,-162.41405435455394,,0.3096979979483586,24.53482,22.65657,23.87605,24.73507
